,Cities,Cloudiness,Country,Date,Humidity,Lat,Lng,Max Temp,Wind Speed
0,arraial do cabo,20,BR,1554336000,88,-22.97,-42.02,71.6,3.36
1,butaritari,88,KI,1554340250,100,3.07,172.79,78.26,2.48
2,hithadhoo,36,MV,1554340250,100,-0.6,73.08,80.87,3.83
3,ihosy,24,MG,1554340251,91,-22.4,46.13,60.08,2.59
4,jamestown,0,AU,1554340251,41,-33.21,138.6,72.59,7.74
5,san cristobal,75,EC,1554339744,93,-0.39,-78.55,57.2,3.36
6,beringovskiy,92,RU,1554340241,99,63.05,179.32,29.48,20.49
7,mataura,100,NZ,1554340207,91,-46.19,168.86,52,8.01
8,henties bay,0,NA,1554339740,92,-22.12,14.28,59,5.01
9,dudinka,76,RU,1554340252,89,69.41,86.18,18.14,8.86
10,dunedin,36,NZ,1554339545,51,-45.87,170.5,64.99,5.01
11,taolanaro,,,,,,,,
12,zhigansk,88,RU,1554340252,82,66.77,123.37,27.59,4.94
13,puerto ayora,75,EC,1554336000,70,-0.74,-90.35,84.2,10.29
14,port alfred,0,ZA,1554340032,76,-33.59,26.89,62.01,6.17
15,turayf,0,SA,1554336000,76,31.68,38.65,51.8,5.82
16,baijiantan,12,CN,1554340253,71,45.63,85.18,49.1,4.05
17,jadu,44,LY,1554340253,63,31.95,12.03,56.39,6.62
18,castro,75,CL,1554336000,100,-42.48,-73.76,50,6.93
19,lagoa,0,PT,1554340157,61,37.14,-8.45,50,11.41
20,albany,40,US,1554340245,35,42.65,-73.75,45,19.46
21,krasnovishersk,0,RU,1554340255,58,60.4,57.08,13.28,5.17
22,diffa,0,NE,1554340255,20,13.32,12.61,74.39,10.09
23,rikitea,20,PF,1554340255,100,-23.12,-134.97,75.29,19.04
24,tasiilaq,44,GL,1554335400,83,65.61,-37.64,32,4.7
25,tsihombe,,,,,,,,
26,palatka,75,US,1554340190,59,29.65,-81.64,64,5.82
27,bluff,0,AU,1554340256,50,-23.58,149.07,78.53,14.67
28,victoria,75,BN,1554337800,83,5.28,115.24,84.2,2.59
29,high rock,75,BS,1554336000,73,26.63,-78.28,71.6,10.29
30,marcona,,,,,,,,
31,kodiak,1,US,1554340217,25,39.95,-94.76,57.2,11.41
32,fortuna,0,ES,1554340219,72,38.18,-1.13,61,14.99
33,punta arenas,75,CL,1554339751,75,-53.16,-70.91,41,12.75
34,topchikha,40,RU,1554337800,55,52.82,83.12,33.8,11.18
35,hilo,20,US,1554340049,61,19.71,-155.08,80.6,12.75
36,naze,0,NG,1554340258,82,5.43,7.07,79.88,10.87
37,hermanus,48,ZA,1554339628,94,-34.42,19.24,60.01,1.01
38,atuona,0,PF,1554340258,100,-9.8,-139.03,81.86,14
39,aklavik,75,CA,1554336000,65,68.22,-135.01,6.8,11.41
40,katsuura,20,JP,1554339850,50,33.93,134.5,55,9.17
41,tuktoyaktuk,75,CA,1554336000,70,69.44,-133.03,1.4,10.29
42,vostok,0,RU,1554340259,59,46.45,135.83,36.86,3.04
43,calbuco,75,CL,1554336000,93,-41.77,-73.13,50,6.93
44,rantepao,48,ID,1554340260,91,-2.97,119.9,70.61,2.59
45,aflu,,,,,,,,
46,yogyakarta,40,ID,1554336000,100,-7.8,110.36,73.4,4.7
47,barcelona,40,ES,1554340242,81,41.38,2.18,52,10.29
48,samusu,,,,,,,,
49,illoqqortoormiut,,,,,,,,
50,saint-joseph,92,FR,1554340223,93,43.56,6.97,51.8,5.17
51,panama city,1,US,1554340211,63,30.16,-85.65,64.99,8.05
52,vardo,1,US,1554340260,24,39.62,-77.74,57.99,9.17
53,busselton,8,AU,1554340207,49,-33.64,115.35,66.99,19.26
54,chuncheng,100,CN,1554339895,77,22.17,111.79,75,2.15
55,duzce,64,TR,1554340261,94,40.84,31.16,36.32,1.7
56,vao,0,EE,1554340261,77,59.1,26.19,32.99,8.52
57,omboue,92,GA,1554339970,100,-1.57,9.26,83.93,6.96
58,port augusta,0,AU,1554340134,21,-32.49,137.76,84,11.41
59,vaini,20,IN,1554336000,83,15.34,74.49,71.6,2.48
60,haines junction,88,CA,1554340262,64,60.75,-137.51,25.07,3.38
61,new norfolk,20,AU,1554339680,44,-42.78,147.06,60.01,6.93
62,chopinzinho,32,BR,1554340262,86,-25.86,-52.53,72.23,3.71
63,chuy,12,UY,1554340262,92,-33.69,-53.46,64.04,5.73
64,airai,80,TL,1554340263,73,-8.93,125.41,74.03,1.14
65,longyearbyen,40,NO,1554335400,84,78.22,15.63,8.6,5.82
66,lebu,92,ET,1554340263,92,8.96,38.73,51.35,3.27
67,kerema,0,PG,1554340031,65,-7.96,145.78,86,1.14
68,barrow,0,AR,1554340263,41,-38.31,-60.23,65.03,13
69,dhuburi,0,IN,1554340263,93,26.03,89.97,63.14,5.39
70,matara,92,PE,1554340264,89,-13.74,-72.9,47.75,1.92
71,saint-philippe,20,CA,1554340247,44,45.36,-73.48,39.2,31.09
72,pedernales,68,EC,1554340264,78,0.07,-80.05,76.55,9.53
73,avera,1,US,1554340225,54,33.19,-82.53,64,4.05
74,luderitz,8,NA,1554340265,92,-26.65,15.16,56.21,11.65
75,saskylakh,48,RU,1554340265,83,71.97,114.09,20.66,4.61
76,williams lake,90,CA,1554336000,65,52.13,-122.14,46.4,8.05
77,karera,0,IN,1554340265,50,25.46,78.13,67.28,2.71
78,shirvan,,,,,,,,
79,hobart,20,AU,1554339680,44,-42.88,147.33,60.01,6.93
80,chokurdakh,0,RU,1554339996,90,70.62,147.9,12.83,4.16
81,sawtell,75,AU,1554339604,64,-30.38,153.1,80.01,12.75
82,cherskiy,0,RU,1554340266,75,68.75,161.3,29.93,2.26
83,hami,0,CN,1554340066,57,42.84,93.51,43.88,1.81
84,margate,20,AU,1554339680,44,-43.03,147.26,60.01,6.93
85,ushuaia,92,AR,1554340266,84,-54.81,-68.31,38.21,17.47
86,pangnirtung,12,CA,1554340005,64,66.15,-65.72,-4.28,3.83
87,east london,36,ZA,1554340267,95,-33.02,27.91,74.84,23.4
88,carnarvon,0,ZA,1554340267,43,-30.97,22.13,49.01,3.6
89,bengkulu,,,,,,,,
90,puerto rondon,20,CO,1554340267,45,6.28,-71.1,85.91,7.85
91,san policarpo,48,PH,1554340138,87,12.18,125.51,80.33,9.86
92,poum,44,MK,1554340267,97,41.28,20.71,39.02,1.03
93,mount isa,0,AU,1554337800,37,-20.73,139.49,84.2,14.99
94,pangai,75,TO,1554336000,69,-19.8,-174.35,82.4,12.75
95,faanui,0,PF,1554340268,100,-16.48,-151.75,84.56,6.85
96,bredasdorp,64,ZA,1554339611,87,-34.53,20.04,60.01,5.82
97,ust-karsk,76,RU,1554340268,60,52.71,118.82,31.19,6.51
98,yellowknife,20,CA,1554339978,46,62.45,-114.38,8.6,9.17
99,yeppoon,40,AU,1554337800,54,-23.13,150.74,80.6,14.99
100,pisco,40,PE,1554336000,83,-13.71,-76.2,71.6,16.11
101,jucas,92,BR,1554340269,97,-6.53,-39.53,71.6,1.7
102,te anau,100,NZ,1554340269,97,-45.41,167.72,51.26,3.94
103,upata,68,VE,1554340269,45,8.02,-62.41,84.29,11.54
104,teguldet,24,RU,1554340269,72,57.31,88.17,17.51,2.37
105,grand gaube,40,MU,1554340143,94,-20.01,57.66,77,10.31
106,krasnyy chikoy,12,RU,1554340216,61,50.36,108.75,25.52,6.85
107,monteagudo,0,BO,1554340270,96,-19.8,-63.96,57.56,1.81
108,mokhsogollokh,20,RU,1554340270,71,61.4,128.95,30.56,3.6
109,sembakung,75,ID,1554336000,94,3.82,117.25,77,2.48
110,dawlatabad,0,AF,1554340271,87,36.41,64.91,56.48,2.04
111,byron bay,40,AU,1554340152,57,-28.65,153.62,78.01,14.99
112,porto novo,0,BR,1554336000,73,-23.68,-45.44,69.8,2.82
113,eldorado,0,MX,1554340247,57,24.32,-107.36,78.01,5.01
114,saldanha,0,PT,1554340153,81,41.42,-6.55,34.88,5.39
115,amboasary,0,MG,1554340271,90,-25.04,46.38,76.19,11.77
116,camopi,76,GF,1554340272,90,3.17,-52.33,75.11,3.27
117,srednekolymsk,0,RU,1554339991,83,67.46,153.71,29.84,2.37
118,hasaki,20,JP,1554339277,32,35.73,140.83,57,4.7
119,kirkwall,92,GB,1554340245,87,58.98,-2.96,44.6,16.11
120,hamilton,75,BM,1554339690,68,32.3,-64.78,66.2,10.29
121,port blair,0,IN,1554340273,100,11.67,92.75,83.57,0.92
122,okhotsk,12,RU,1554340273,71,59.36,143.24,35.51,4.38
123,cozumel,,,,,,,,
124,miranda,75,CO,1554336000,88,3.25,-76.23,69.8,1.25
125,ambon,0,FR,1554340025,93,47.55,-2.56,37,3.36
126,lithakia,20,GR,1554340244,87,37.72,20.83,60.01,3.36
127,beloha,0,MG,1554340274,90,-25.17,45.06,70.88,7.18
128,sahrak,,,,,,,,
129,porto velho,75,BR,1554336000,88,-8.75,-63.87,77,2.24
130,dikson,80,RU,1554340274,100,73.51,80.55,21.83,17.25
131,kingisepp,0,RU,1554340275,58,59.38,28.61,32.18,5.39
132,geraldton,75,CA,1554336000,49,49.72,-86.95,23,8.05
133,makakilo city,20,US,1554339950,57,21.35,-158.09,84.2,8.05
134,khatanga,88,RU,1554340275,88,71.98,102.47,17.06,9.98
135,minab,20,IR,1554336000,69,27.15,57.07,73.4,3.94
136,gien,32,FR,1554340266,84,47.69,2.63,39,3.94
137,kavieng,100,PG,1554340276,100,-2.57,150.8,78.17,5.73
138,conakry,56,GN,1554340276,100,9.52,-13.7,79.34,7.52
139,lagos,20,NG,1554336000,83,6.46,3.39,84.2,8.05
140,kawalu,76,ID,1554340276,99,-7.38,108.21,66.11,1.48
141,nikolskoye,0,RU,1554340236,37,59.7,30.79,35.01,6.71
142,ahipara,32,NZ,1554340277,78,-35.17,173.16,69.98,10.42
143,mar del plata,68,AR,1554340277,47,-46.43,-67.52,61.97,13.44
144,kutum,0,SD,1554340277,35,14.2,24.66,57.83,5.17
145,vredendal,88,ZA,1554340277,86,-31.68,18.49,54.95,3.15
146,ponta do sol,68,BR,1554340277,90,-20.63,-46,67.64,4.83
147,biskamzha,80,RU,1554340278,66,53.45,89.53,25.43,3.04
148,nanortalik,48,GL,1554340278,100,60.14,-45.24,31.91,20.71
149,umm lajj,0,SA,1554340278,98,25.02,37.27,61.52,9.08
150,tigil,12,RU,1554340278,88,57.8,158.67,37.13,14.67
151,quatre cocos,40,MU,1554340143,94,-20.21,57.76,77,8.41
152,zigong,92,CN,1554340278,89,29.34,104.78,57.38,7.18
153,plettenberg bay,56,ZA,1554340064,89,-34.05,23.37,66.83,11.21
154,rauma,88,FI,1554339000,55,61.13,21.5,39.2,6.93
155,santa rita do sapucai,32,BR,1554340055,87,-22.25,-45.7,64.58,2.71
156,sault sainte marie,75,CA,1554339360,58,46.49,-84.36,28.4,9.17
157,port elizabeth,1,US,1554340272,28,39.31,-74.98,62.6,8.05
158,sorong,80,ID,1554340109,100,-0.86,131.25,78.26,3.83
159,santa rosa,0,AR,1554340282,49,-36.62,-64.29,70.43,12.1
160,tiksi,76,RU,1554340282,83,71.64,128.87,27.95,10.42
161,cape town,20,ZA,1554340090,82,-33.93,18.42,59,5.82
162,lyubim,0,RU,1554340283,63,58.36,40.69,17.51,2.93
163,bandarbeyla,0,SO,1554340283,100,9.49,50.81,78.98,0.92
164,acapulco,5,MX,1554334800,70,16.86,-99.88,84.2,10.29
165,bertoua,0,CM,1554340283,85,4.58,13.68,72.14,2.93
166,awjilah,0,LY,1554340283,53,29.14,21.3,56.21,5.17
167,keti bandar,0,PK,1554340283,93,24.14,67.45,78.62,10.31
168,aasiaat,68,GL,1554340284,100,68.71,-52.87,17.06,20.38
169,kapaa,20,US,1554340112,54,22.08,-159.32,78.8,11.41
170,faya,0,SA,1554336000,82,18.39,42.45,59,10.29
171,ancud,75,CL,1554336000,100,-41.87,-73.83,50,6.93
172,rockport,90,US,1554340219,100,28.02,-97.05,71.6,10.29
173,tolaga bay,92,NZ,1554340285,95,-38.37,178.3,58.73,9.42
174,hot springs,1,US,1554340203,59,34.5,-93.06,66.99,3.36
175,barentsburg,,,,,,,,
176,torbay,90,CA,1554339808,92,47.66,-52.73,33.01,27.51
177,tynda,56,RU,1554340285,59,55.15,124.74,25.97,3.15
178,opuwo,0,NA,1554340285,80,-18.06,13.84,61.79,3.38
179,kamenskoye,,,,,,,,
180,brownfield,75,US,1554340233,13,33.18,-102.27,77,19.46
181,severo-kurilsk,92,RU,1554340286,90,50.68,156.12,35.06,5.61
182,saint george,75,GR,1554339000,81,39.45,22.34,44.6,2.04
183,nuuk,75,GL,1554335400,79,64.17,-51.74,24.8,23.04
184,paamiut,88,GL,1554340286,94,61.99,-49.67,31.1,10.98
185,qaanaaq,88,GL,1554340286,82,77.48,-69.36,10.22,6.62
186,fairbanks,1,US,1554340020,30,64.84,-147.72,28.4,19.46
187,hue,40,VN,1554337800,78,16.47,107.58,80.6,2.24
188,puerto escondido,5,MX,1554335100,62,15.86,-97.07,86,6.93
189,kruisfontein,48,ZA,1554340287,78,-34,24.73,60.08,6.96
190,bien hoa,40,VN,1554337800,83,10.95,106.82,82.4,6.93
191,keningau,75,MY,1554337800,70,5.33,116.16,86,1.12
192,mantua,75,IT,1554340264,76,45.16,10.79,55.99,11.41
193,sao jose da coroa grande,8,BR,1554340288,95,-8.9,-35.15,76.37,4.61
194,araguacu,,,,,,,,
195,bousso,,,,,,,,
196,ribeira grande,88,PT,1554340288,100,38.52,-28.7,58.73,17.58
197,yermakovskoye,76,RU,1554340288,62,53.28,92.4,30.56,4.38
198,takoradi,32,GH,1554340288,100,4.89,-1.75,82.31,9.53
199,altamont,1,CA,1554340216,50,49.4,-98.5,35.6,3.36
200,mareeba,75,AU,1554340243,88,-16.99,145.42,78.8,18.34
201,atar,20,MR,1554340289,83,20.52,-13.05,60.89,1.59
202,taoudenni,76,ML,1554340289,67,22.68,-3.98,72.41,4.72
203,oudtshoorn,0,ZA,1554336000,59,-33.59,22.2,60.8,6.93
204,itarema,92,BR,1554340290,98,-2.92,-39.92,75.02,2.26
205,cidreira,8,BR,1554340039,93,-30.17,-50.22,72.23,2.37
206,husavik,8,CA,1554340227,43,50.56,-96.99,30.99,4.83
207,arroyo,1,US,1554340205,35,41.39,-78.88,48.2,8.05
208,zyryanka,0,RU,1554340290,79,65.73,150.89,24.53,3.27
209,saint-junien,75,FR,1554340233,93,45.89,0.9,37,5.82
210,bethel,1,US,1554335760,60,60.79,-161.76,42.8,23.04
211,saleaula,,,,,,,,
212,banff,80,CA,1554338042,34,51.18,-115.57,48.99,14
213,petropavlovsk-kamchatskiy,88,RU,1554337800,52,53.05,158.65,42.8,13.42
214,laguna,20,MX,1554334980,26,27.52,-110.01,82.4,8.05
215,fallon,90,US,1554335760,53,46.84,-105.12,50,20.8
216,sarkand,92,KZ,1554340183,65,45.41,79.91,49.37,6.51
217,kaitangata,76,NZ,1554340187,80,-46.28,169.85,55,10.65
218,bubaque,48,GW,1554340293,100,11.28,-15.83,78.53,17.13
219,kungurtug,20,RU,1554340293,82,50.6,97.53,19.31,0.92
220,souillac,24,FR,1554340231,100,45.6,-0.6,39,3.36
221,nouadhibou,0,MR,1554336000,72,20.93,-17.03,66.2,9.17
222,almaznyy,40,RU,1554337800,93,48.03,40.04,35.6,6.71
223,innoshima,20,JP,1554339866,45,34.28,133.18,59,3.36
224,college,1,US,1554340126,30,64.86,-147.8,32,19.46
225,carnot,0,CF,1554340294,76,4.94,15.87,74.93,2.71
226,zalantun,92,CN,1554340294,82,48,122.72,32.99,3.6
227,punta alta,20,AR,1554336000,88,-27.46,-55.82,78.8,4.7
228,cleveland,1,US,1554340082,52,41.51,-81.69,48.2,11.41
229,saint-quentin,44,CA,1554339694,99,47.51,-67.39,32,3.04
230,nueve de julio,0,AR,1554340295,47,-31.67,-68.39,76.46,6.96
231,oyama,20,JP,1554339803,29,36.31,139.8,57,6.93
232,salalah,0,OM,1554335400,64,17.01,54.1,75.2,2.24
233,harper,90,US,1554340275,93,30.3,-99.24,64.99,10.29
234,matamoros,1,US,1554340265,88,25.87,-97.51,78.8,9.17
235,saint-denis,0,FR,1554340290,86,48.94,2.36,41,4.7
236,veinticinco de mayo,64,AR,1554339999,82,-27.38,-54.75,76.46,4.16
237,sao filipe,56,CV,1554340296,97,14.9,-24.5,69.89,16.35
238,luba,0,PH,1554340296,87,17.32,120.7,75.56,3.94
239,poronaysk,68,RU,1554340296,76,49.22,143.1,29.21,13.78
240,mbanza-ngungu,44,CD,1554340297,94,-5.25,14.87,72.23,2.37
241,iqaluit,20,CA,1554339725,77,63.75,-68.52,-2.01,4.7
242,hudiksvall,20,SE,1554340297,86,61.73,17.1,33.71,8.97
243,coihaique,75,CL,1554336000,58,-45.58,-72.07,53.6,6.93
244,biak,36,ID,1554340297,100,-0.91,122.88,79.25,1.7
245,lorengau,32,PG,1554340034,100,-2.02,147.27,82.49,7.85
246,rio grande,24,BR,1554340298,93,-32.03,-52.1,71.33,7.74
247,denpasar,40,ID,1554337800,88,-8.65,115.22,80.6,9.17
248,alghero,0,IT,1554340265,93,40.56,8.32,48.99,2.24
249,tucuman,48,PE,1554340298,74,-17.17,-70.89,61.34,1.36
250,wukari,12,NG,1554340298,53,7.87,9.78,80.51,5.73
251,olavarria,0,AR,1554340210,62,-36.89,-60.32,62.01,10.2
252,chai nat,0,TH,1554340299,88,15.18,100.13,78.17,7.18
253,portsmouth,48,GB,1554340054,100,50.8,-1.08,41,3.36
254,yumen,0,CN,1554340299,45,40.29,97.04,35.87,5.95
255,sokolovo,0,RU,1554339722,64,55.86,38.13,34,6.71
256,mount gambier,75,AU,1554336000,67,-37.83,140.78,60.8,11.41
257,georgetown,40,GY,1554336000,78,6.8,-58.16,82.4,11.41
258,akyab,,,,,,,,
259,zhaotong,92,CN,1554340300,99,27.34,103.71,45.23,3.15
260,port antonio,40,JM,1554336000,62,18.18,-76.45,84.2,3.36
261,rio gallegos,75,AR,1554336000,60,-51.62,-69.22,42.8,25.28
262,effingham,1,US,1554339831,63,39.12,-88.54,59,3.36
263,gorin,90,US,1554340264,61,40.36,-92.02,55,11.1
264,kahului,40,US,1554340232,51,20.89,-156.47,84.2,24.16
265,gamba,12,CN,1554340301,53,28.28,88.52,-2.66,4.61
266,puerto del rosario,80,ES,1554337800,72,28.5,-13.86,62.6,6.93
267,murashi,0,RU,1554340302,75,59.4,48.97,20.93,2.26
268,la ronge,90,CA,1554337740,48,55.1,-105.3,19.4,11.41
269,alofi,75,NU,1554336000,74,-19.06,-169.92,82.4,12.75
270,viligili,,,,,,,,
271,darya khan,0,PK,1554340302,71,31.78,71.1,67.91,7.52
272,tomatlan,0,MX,1554340303,52,19.93,-105.25,80.06,3.6
273,sukhumi,,,,,,,,
274,norman wells,40,CA,1554336000,55,65.28,-126.83,6.8,14.99
275,siderno,40,IT,1554340207,87,38.28,16.3,59,8.05
276,honningsvag,68,NO,1554340303,99,70.98,25.97,29.21,7.96
277,kamenka,88,RU,1554340303,93,53.19,44.05,30.83,14
278,attawapiskat,,,,,,,,
279,cserszegtomaj,0,HU,1554338700,58,46.81,17.23,53.6,11.41
280,jesup,1,US,1554340028,55,31.61,-81.89,64,4.7
281,mao,20,DO,1554340222,78,19.55,-71.08,79,9.17
282,klaksvik,88,FO,1554337200,80,62.23,-6.59,35.6,9.17
283,mana,40,RS,1554339600,49,43.52,20.24,48.2,3.36
284,wonthaggi,24,AU,1554340209,67,-38.6,145.59,68,4.72
285,nizhneyansk,,,,,,,,
286,pevek,0,RU,1554340305,79,69.7,170.27,25.7,2.59
287,dauriya,0,RU,1554340305,40,49.93,116.85,30.83,26.53
288,xuanhua,0,CN,1554340305,28,40.61,115.04,45.68,5.73
289,rawson,88,AR,1554340306,30,-43.3,-65.11,64.76,9.42
290,moskovskiy,0,RU,1554339722,80,55.6,37.35,34,4.47
291,pudozh,0,RU,1554340306,79,61.81,36.54,21.11,9.98
292,montepuez,0,MZ,1554340306,93,-13.13,39,69.62,5.73
293,minsk,0,BY,1554337800,74,53.9,27.56,28.4,7.63
294,thompson,20,CA,1554336000,37,55.74,-97.86,19.4,3.49
295,synya,88,RU,1554340307,98,65.37,58.04,33.62,5.95
296,sidi ali,76,DZ,1554340307,79,36.1,0.42,53.33,5.61
297,kashi,,,,,,,,
298,canutama,20,BR,1554340307,90,-6.53,-64.38,79.61,2.48
299,bambous virieux,40,MU,1554339844,94,-20.34,57.76,77,8.41
300,tezu,20,IN,1554340307,89,27.93,96.16,50.45,1.59
301,karaul,,,,,,,,
302,mahebourg,40,MU,1554340143,94,-20.41,57.7,77,8.41
303,yaring,20,TH,1554336000,100,6.87,101.37,75.2,2.93
304,pacific grove,40,US,1554339986,82,36.62,-121.92,62.01,8.05
305,tura,0,IN,1554340308,93,25.52,90.21,63.14,5.39
306,kirakira,32,SB,1554340308,100,-10.46,161.92,83.3,6.85
307,san patricio,56,PY,1554340309,92,-26.98,-56.83,74.84,2.93
308,kieta,64,PG,1554340309,100,-6.22,155.63,79.34,0.92
309,lata,12,IN,1554340309,77,30.78,78.62,48.11,2.48
310,mys shmidta,,,,,,,,
311,vila praia de ancora,0,PT,1554340099,81,41.81,-8.85,46,3.36
312,linqu,0,CN,1554339413,43,36.52,118.54,64,5.99
313,gorontalo,36,ID,1554340310,85,0.54,123.06,78.08,2.37
314,solenzo,44,BF,1554340310,65,12.18,-4.08,80.6,9.19
315,los llanos de aridane,75,ES,1554339612,67,28.66,-17.92,62.6,2.24
316,avarua,80,CK,1554337800,69,-21.21,-159.78,82.4,6.93
317,yulara,0,AU,1554336000,35,-25.24,130.99,77,18.34
318,tecoanapa,5,MX,1554334800,70,16.99,-99.26,84.2,10.29
319,victor harbor,0,AU,1554340228,18,-35.55,138.62,82.4,17.22
320,wahran,,,,,,,,
321,botelhos,24,BR,1554340311,76,-21.65,-46.39,66.92,5.28
322,merauke,32,ID,1554340311,93,-8.49,140.4,84.56,5.39
323,juneau,90,US,1554335760,46,58.3,-134.42,50,11.41
324,falavarjan,75,IR,1554337800,87,32.56,51.51,46.4,6.93
325,santa isabel,75,CO,1554336000,94,4.71,-75.1,75.2,3.36
326,puerto carreno,0,CO,1554336000,46,6.19,-67.49,89.6,3.71
327,odessa,1,US,1554339739,40,31.85,-102.37,78.8,17.22
328,grand river south east,,,,,,,,
329,halalo,,,,,,,,
330,berlevag,80,NO,1554340314,100,70.86,29.09,29.48,7.74
331,sentyabrskiy,,,,,,,,
332,marzuq,0,YE,1554340314,90,14.4,46.47,53.06,2.59
333,atasu,0,KZ,1554340314,86,48.68,71.64,39.38,3.04
334,big bend,92,SZ,1554340315,96,-26.79,31.94,67.28,3.38
335,aguimes,20,ES,1554340232,67,27.91,-15.45,62.6,6.93
336,belushya guba,,,,,,,,
337,banjar,76,ID,1554340315,92,-7.37,108.54,72.23,3.49
338,touros,88,BR,1554340315,88,-5.2,-35.46,81.23,6.96
339,nantucket,1,US,1554340313,81,41.28,-70.1,50,21.92
340,upernavik,88,GL,1554340316,95,72.79,-56.15,17.78,55.95
341,yomitan,,,,,,,,
342,shingu,20,JP,1554336000,100,33.72,135.99,53.6,12.75
343,delhi,0,IN,1554337800,60,28.65,77.22,71.6,2.71
344,taltal,0,CL,1554340316,90,-25.41,-70.49,57.83,1.7
345,namtsy,0,RU,1554337800,53,62.72,129.66,26.6,6.71
346,jacareacanga,36,BR,1554340317,82,-6.22,-57.76,82.13,2.04
347,richards bay,12,ZA,1554340317,90,-28.77,32.06,69.71,12.55
348,isangel,75,VU,1554336000,74,-19.55,169.27,86,5.82
349,nyimba,0,ZM,1554340317,66,-14.56,30.81,67.46,6.4
350,kalianget,20,ID,1554337800,88,-7.35,109.91,78.8,2.59
351,kidero,92,RU,1554340318,87,42.19,45.96,28.49,1.36
352,general pico,0,AR,1554340318,51,-35.66,-63.75,70.25,10.98
353,kerteh,,,,,,,,
354,coquimbo,0,CL,1554336000,82,-29.95,-71.34,60.8,4.7
355,senador guiomard,40,BR,1554336000,94,-10.15,-67.74,78.8,8.05
356,safwah,,,,,,,,
357,haian,24,CN,1554340265,71,32.53,120.46,60.01,1.01
358,dukat,92,RS,1554340310,74,42.44,22.31,46,3
359,izhmorskiy,64,RU,1554340319,81,56.19,86.64,24.89,7.18
360,meulaboh,56,ID,1554340319,100,4.14,96.13,78.62,1.59
361,rocha,0,UY,1554340076,86,-34.48,-54.34,60.98,6.62
362,lumeje,80,AO,1554340319,77,-11.56,20.78,71.51,4.72
363,san vicente,20,SV,1554340213,74,13.64,-88.78,82.4,4.7
364,chiang klang,64,TH,1554336000,100,19.29,100.86,71.6,4.7
365,coachella,1,US,1554340128,31,33.68,-116.18,82.4,6.93
366,mastic beach,1,US,1554340318,14,40.77,-72.85,62.6,26.4
367,moron,64,VE,1554340321,86,10.49,-68.2,69.98,3.94
368,saint-pierre,0,FR,1554340244,93,48.95,4.24,41,6.93
369,ostrovnoy,44,RU,1554340322,86,68.05,39.51,26.96,14.79
370,fredericton,90,CA,1554339908,100,45.97,-66.65,34,10.29
371,khonsa,44,IN,1554340322,93,26.99,95.51,56.3,2.04
372,lambarene,80,GA,1554340322,85,-0.7,10.22,79.7,2.48
373,kodinsk,56,RU,1554340322,64,58.6,99.18,26.69,6.17
374,yasothon,76,TH,1554336000,78,15.8,104.15,78.8,3.36
375,port-gentil,24,GA,1554340323,95,-0.72,8.78,83.21,7.74
376,codrington,40,AU,1554339849,64,-28.95,153.24,78.01,9.17
377,lianran,0,CN,1554340220,87,24.92,102.47,61,13.42
378,aginskoye,0,RU,1554340323,35,51.11,114.54,29.39,23.85
379,ust-maya,32,RU,1554340323,63,60.42,134.54,28.31,3.27
380,ola,44,RU,1554340324,85,59.58,151.3,35.15,18.25
381,muzquiz,,,,,,,,
382,gat,0,SN,1554337800,82,14.69,-16.54,71.6,19.46
383,sorland,36,NO,1554340324,100,67.67,12.69,37.67,31.9
384,entre rios,56,BR,1554340324,96,-11.94,-38.08,78.62,5.39
385,broken hill,64,AU,1554336000,22,-31.97,141.45,80.6,13.87
386,linxia,68,CN,1554340325,74,35.6,103.21,27.86,2.37
387,sabang,24,PH,1554340325,85,13.72,123.58,80.33,7.29
388,honiara,20,SB,1554340325,80,-9.43,159.96,84.2,2.93
389,hambantota,20,LK,1554336600,100,6.12,81.12,73.4,2.24
390,namibe,0,AO,1554340325,100,-15.19,12.15,78.89,8.86
391,sompeta,20,IN,1554340326,86,18.93,84.6,70.61,4.27
392,dakar,0,SN,1554337800,82,14.69,-17.45,68,19.46
393,payakumbuh,12,ID,1554340326,92,-0.23,100.63,70.16,2.59
394,najran,5,SA,1554336000,46,17.54,44.22,73.4,3.71
395,ngunguru,0,NZ,1554340084,76,-35.62,174.5,66.99,3
396,christchurch,48,NZ,1554340204,45,-43.53,172.64,63,8.05
397,nishihara,20,JP,1554340310,37,35.74,139.53,55.99,3.36
398,laurel,75,US,1554340017,33,45.67,-108.77,62.01,3.36
399,luanda,75,AO,1554336000,94,-8.83,13.24,80.6,5.82
400,maraa,36,BR,1554340327,96,-1.83,-65.37,75.92,2.59
401,utiroa,,,,,,,,
402,turtkul,,,,,,,,
403,pochutla,20,MX,1554338802,62,15.74,-96.47,86,9.17
404,cockburn town,0,TC,1554340139,98,21.46,-71.14,79.07,13.33
405,esperance,20,TT,1554340208,83,10.24,-61.45,77,9.17
406,vila velha,75,BR,1554340088,83,-3.71,-38.6,81,4.7
407,aswan,0,EG,1554336000,28,24.09,32.9,73.4,6.93
408,cooma,40,AU,1554336000,76,-36.24,149.13,57.2,3.36
409,vanavara,80,RU,1554340329,70,60.35,102.28,26.69,8.97
410,malwan,,,,,,,,
411,viedma,100,AR,1554340329,29,-40.81,-62.99,76.46,16.13
412,okha,92,RU,1554340329,97,53.59,142.95,31.82,19.15
413,omsukchan,88,RU,1554340329,84,62.53,155.8,25.79,5.95
414,mutsamudu,,,,,,,,
415,cap malheureux,40,MU,1554340143,94,-19.98,57.61,77,10.31
416,elmadag,0,TR,1554340170,74,39.92,33.23,43,4.7
417,hofn,68,IS,1554340330,100,64.25,-15.21,35.69,7.4
418,sechura,32,PE,1554340330,74,-5.56,-80.82,77.27,13
419,cabo san lucas,5,MX,1554339954,61,22.89,-109.91,82.99,8.05
420,skjervoy,44,NO,1554340330,100,70.03,20.97,32.09,9.42
421,hiranagar,12,IN,1554340331,48,32.49,75.28,65.93,3.94
422,shakawe,0,BW,1554340042,43,-18.36,21.84,69.53,6.96
423,santo antonio do ica,12,BR,1554340331,89,-3.1,-67.94,80.78,2.37
424,constitucion,20,MX,1554340216,13,23.99,-104.67,75.2,17.22
425,tiarei,75,PF,1554339746,70,-17.53,-149.33,87.8,11.41
426,finschhafen,76,PG,1554340331,91,-6.6,147.85,77.36,2.59
427,asau,,,,,,,,
428,amderma,,,,,,,,
429,dubbo,76,AU,1554337800,47,-32.25,148.6,75.2,12.75
430,murgab,76,TM,1554336000,87,37.5,61.97,57.2,4.7
431,xiongzhou,40,CN,1554340332,93,32.34,118.83,62.01,6.71
432,comodoro rivadavia,0,AR,1554336000,48,-45.87,-67.48,60.8,10.29
433,lavrentiya,48,RU,1554340332,100,65.58,-170.99,24.98,16.58
434,moba,20,CD,1554340333,99,-7.04,29.77,67.91,2.82
435,egvekinot,0,RU,1554340333,84,66.32,-179.17,21.02,2.93
436,waupun,1,US,1554340056,42,43.63,-88.73,51.01,8.19
437,uglovskoye,0,RU,1554340333,73,51.36,80.19,43.25,8.97
438,srivardhan,92,IN,1554340333,96,18.03,73.02,73.31,1.36
439,karpathos,0,GR,1554339000,87,35.51,27.21,55.4,8.05
440,bonnyville,75,CA,1554336000,44,54.27,-110.74,37.4,13.87
441,gombe,0,NG,1554340334,29,10.28,11.17,75.29,5.73
442,beyneu,92,KZ,1554340334,90,45.32,55.19,44.78,13.78
443,alappuzha,,,,,,,,
444,mnogovershinnyy,80,RU,1554340227,81,53.94,139.92,27.23,5.61
445,maarianhamina,,,,,,,,
446,ust-kamchatsk,,,,,,,,
447,pontes e lacerda,12,BR,1554340335,92,-15.23,-59.33,75.56,2.37
448,la paz,5,MX,1554339604,42,24.15,-110.32,80.6,11.41
449,ghanzi,0,BW,1554340335,65,-21.7,21.65,62.87,3.94
450,padang,40,ID,1554336000,94,-0.92,100.36,77,2.24
451,buala,44,SB,1554340336,89,-8.15,159.59,83.57,5.17
452,havelock,1,US,1554339948,62,34.88,-76.9,57.99,8.05
453,baiyin,0,CN,1554336000,41,36.55,104.13,41,8.95
454,talnakh,80,RU,1554340336,89,69.49,88.39,17.78,5.28
455,evensk,36,RU,1554340336,84,61.92,159.24,33.44,18.81
456,sungurlu,12,TR,1554340337,85,40.17,34.38,29.48,2.71
457,la asuncion,88,EC,1554340337,97,-1.64,-78.74,50.27,0.92
458,burlington,20,CA,1554340225,48,43.32,-79.8,42.01,10.29
459,celestun,12,MX,1554340337,88,20.87,-90.4,80.78,19.26
460,gweta,0,BW,1554340337,45,-20.21,25.26,71.96,12.66
461,teya,40,MX,1554339661,55,21.05,-89.07,87.8,11.41
462,ouadda,0,CF,1554340338,27,8.07,22.4,77.36,8.97
463,macamic,75,CA,1554336000,79,48.75,-79,23,17.22
464,santa maria,0,BR,1554336000,94,-29.69,-53.81,73.4,3.94
465,higuey,,,,,,,,
466,tucurui,76,BR,1554340340,91,-3.77,-49.67,78.08,4.38
467,kanniyakumari,0,IN,1554340340,100,8.08,77.57,84.47,8.75
468,goundam,12,ML,1554340340,43,16.42,-3.66,80.78,3.38
469,vestmannaeyjar,88,IS,1554340340,86,63.44,-20.27,40.73,24.29
470,muros,40,ES,1554340315,100,42.77,-9.06,46,4.7
471,sale,0,GB,1554340334,84,53.42,-2.32,37.99,5.82
472,balakhta,64,RU,1554340341,67,55.38,91.62,25.61,2.71
473,makat,92,KZ,1554340341,96,47.65,53.35,40.73,16.24
474,mae hong son,0,MM,1554336000,82,19.3,97.96,66.2,2.15
475,shaoyang,92,CN,1554340341,99,27.23,111.45,53.06,2.15
476,jiayuguan,0,CN,1554340342,66,39.77,98.29,27.86,5.28
477,vaitupu,,,,,,,,
478,juifang,,,,,,,,
479,hervey bay,40,AU,1554340212,54,-25.3,152.85,84,18.34
480,beshpagir,0,RU,1554339662,86,45.02,42.37,33.8,8.95
481,emerald,0,AU,1554339742,57,-23.53,148.16,79,14.99
482,khonuu,,,,,,,,
483,narsaq,0,GL,1554340343,67,60.91,-46.05,12.83,6.4
484,sitka,76,US,1554339704,68,37.17,-99.65,60.01,5.01
485,zhanaozen,36,KZ,1554340343,87,43.35,52.85,35.33,4.38
486,bilibino,8,RU,1554340343,87,68.06,166.44,27.77,3.15
487,komsomolskiy,88,RU,1554340342,87,67.55,63.78,24.08,3.38
488,jiblah,44,YE,1554340343,90,13.92,44.15,54.23,1.59
489,senno,0,RU,1554336000,68,57.76,27.95,26.6,2.24
490,bilma,0,NE,1554340310,25,18.69,12.92,70.07,6.17
491,estacion coahuila,1,MX,1554340262,22,32.19,-115,80.6,4.7
492,hihifo,,,,,,,,
493,sangar,76,RU,1554340344,57,63.92,127.47,29.48,3.94
494,tagusao,12,PH,1554340344,90,9.19,117.81,80.33,2.93
495,jieshou,76,CN,1554340345,69,33.26,115.35,54.59,7.07
496,nome,90,US,1554340312,72,30.04,-94.42,64.99,14.99
497,vysokogornyy,12,RU,1554340345,64,50.1,139.13,25.34,3.38
498,port macquarie,64,AU,1554339905,60,-31.43,152.91,80.01,4.7
499,bahia blanca,68,AR,1554340345,47,-38.72,-62.27,73.76,16.69
500,benghazi,12,LY,1554340074,100,32.12,20.07,60.71,15.01
501,qaqortoq,8,GL,1554340345,100,60.72,-46.03,32.18,13.22
502,mackay,75,CA,1554336000,56,53.65,-115.58,50,11.41
503,stornoway,,,,,,,,
504,vangaindrano,68,MG,1554340346,99,-23.35,47.6,69.53,2.37
505,vega de alatorre,24,MX,1554340346,75,20.03,-96.65,74.48,3.94
506,otavalo,75,EC,1554336000,93,0.23,-78.26,57.2,3.36
507,rognan,75,NO,1554340244,98,67.1,15.4,33.8,8.05
508,guerrero negro,8,MX,1554340347,57,27.97,-114.04,67.46,11.77
509,todos santos,5,MX,1554340252,47,23.45,-110.23,82.99,6.93
510,ponnani,40,IN,1554337800,83,10.77,75.93,80.6,2.24
511,karonga,56,MW,1554340347,100,-9.94,33.93,76.46,9.19
512,palmer,0,AU,1554340228,18,-34.85,139.16,84,17.22
513,jarjis,,,,,,,,
514,pak chong,36,TH,1554339866,77,14.71,101.42,77,2.93
515,sinnamary,92,GF,1554340348,95,5.38,-52.96,80.06,13
516,clyde river,75,CA,1554336000,71,70.47,-68.59,8.6,17.22
517,wa,,,,,,,,
518,arani,40,IN,1554337800,88,13.33,80.08,78.8,3.36
519,muli,0,IN,1554340349,70,22.62,71.45,74.84,7.96
520,nelson bay,75,AU,1554340237,64,-32.72,152.14,73.4,11.41
521,fort nelson,90,CA,1554336000,78,58.81,-122.69,15.8,8.05
522,carballo,92,ES,1554340316,75,43.21,-8.69,48.99,5.82
523,marsh harbour,56,BS,1554340349,100,26.54,-77.06,73.94,17.25
524,lompoc,90,US,1554339952,72,34.64,-120.46,64,10.29
525,ballina,8,IE,1554340323,89,54.11,-9.15,43,1.99
526,buin,0,CL,1554340169,82,-33.73,-70.74,70,11.41
527,nara,20,JP,1554340131,58,34.68,135.8,53.6,10.29
528,presidencia roque saenz pena,8,AR,1554340233,84,-26.79,-60.44,76.28,6.96
529,roma,0,IT,1554340239,62,41.89,12.48,57,12.75
530,kuchaman,12,IN,1554340351,41,27.15,74.86,66.65,2.37
531,vila franca do campo,40,PT,1554340345,76,37.72,-25.43,55.4,11.41
532,kuching,75,MY,1554337800,94,1.56,110.34,78.8,2.24
533,daru,80,SL,1554340351,95,7.99,-10.85,73.67,3.94
534,avigliana,90,IT,1554340161,87,45.08,7.4,48,10.29
535,marawi,68,PH,1554339626,78,8,124.29,81,4
536,kargasok,44,RU,1554340352,83,59.06,80.87,21.38,2.26
537,salta,40,AR,1554336000,73,-24.79,-65.41,69.8,8.05
538,mandurah,75,AU,1554340212,88,-32.55,115.7,71.01,19.46
539,canmore,1,CA,1554340142,29,51.09,-115.35,51.01,5.82
540,namatanai,68,PG,1554340074,98,-3.66,152.44,83.21,5.17
541,udachnyy,0,RU,1554340352,74,66.42,112.4,23.81,4.38
542,hay river,75,CA,1554336000,55,60.82,-115.79,10.4,5.82
543,leirvik,64,NO,1554340323,61,59.78,5.5,48.2,9.17
544,provideniya,40,RU,1554337800,68,64.42,-173.23,26.6,20.13
545,kichera,76,RU,1554340353,74,55.93,110.1,22.73,3.71
546,gazli,20,UZ,1554340353,89,40.13,63.45,55.49,3.38
547,ribas do rio pardo,24,BR,1554340353,79,-20.45,-53.76,75.83,4.83
548,ati,0,TD,1554340353,30,13.21,18.34,74.03,5.61
549,gizo,40,IL,1554340334,87,31.8,34.94,57,3.36
550,kupang,75,ID,1554337800,74,-10.16,123.6,84.2,2.24
551,praia da vitoria,75,PT,1554339659,82,38.73,-27.07,55.99,17.92
552,coahuayana,0,MX,1554340354,23,18.62,-100.35,84.74,3.15
553,rungata,,,,,,,,
554,alegrete,68,BR,1554340355,67,-29.79,-55.79,80.24,3.94
555,nahrin,92,AF,1554340355,68,36.06,69.13,50.45,2.82
556,thunder bay,40,CA,1554340090,33,48.41,-89.26,30.2,14.99
557,neiafu,40,TO,1554336000,78,-18.65,-173.98,80.6,4.7
558,seoul,1,KR,1554338400,56,37.57,126.98,48.2,5.82
559,yialos,,,,,,,,
560,nyurba,88,RU,1554340355,72,63.29,118.35,28.49,3.49
561,atambua,36,ID,1554340356,100,-9.11,124.89,79.79,2.71
562,dzaoudzi,75,YT,1554337800,83,-12.79,45.27,82.4,6.93
563,ixtapa,5,MX,1554340213,74,20.71,-105.21,78.8,10.29
564,necochea,0,AR,1554340090,40,-38.55,-58.74,55.99,3
565,lolua,,,,,,,,
566,lixourion,36,GR,1554340244,31,38.2,20.43,60.01,5.01
567,safford,1,US,1554340020,16,32.83,-109.71,73.4,24.16
568,aden,88,YE,1554340113,100,12.79,45.03,79.88,9.64
569,yaan,0,NG,1554340357,55,7.38,8.57,84.83,9.19
570,kalabo,68,ZM,1554340357,36,-15,22.67,75.38,8.08
571,trairi,88,BR,1554340357,100,-3.28,-39.27,79.43,8.52
572,great bend,90,US,1554339690,55,38.36,-98.78,66.2,20.8
573,kaeo,8,NZ,1554340084,76,-35.1,173.78,66.99,3
574,ninghai,40,CN,1554340208,93,29.29,121.42,59,4.47
575,warqla,,,,,,,,
576,pundaguitan,36,PH,1554340358,100,6.37,126.17,78.53,6.73
577,msanga,75,TZ,1554336000,88,-6.04,36.03,69.8,9.17
578,abu samrah,0,SY,1554340358,90,35.3,37.18,46.94,2.93
579,qujing,12,CN,1554340359,95,25.49,103.8,48.38,4.61
580,mehamn,76,NO,1554340359,87,71.03,27.85,26.69,5.17
581,alugan,48,PH,1554340359,87,12.22,125.48,80.33,9.86
582,palauig,100,PH,1554340359,100,15.44,119.9,73.58,4.72
583,balikpapan,20,ID,1554337800,83,-1.24,116.86,82.4,4.7
584,chitipa,48,MW,1554340359,92,-9.7,33.27,62.33,5.95
585,ampanihy,0,MG,1554340360,91,-24.69,44.75,68.36,4.61
586,khelyulya,0,RU,1554340360,69,61.73,30.68,25.61,8.86
587,wulanhaote,,,,,,,,
588,nhulunbuy,75,AU,1554339180,83,-12.18,136.78,84.2,10.29
589,rongcheng,0,CN,1554340236,57,37.16,122.42,61,1.99
590,la seyne-sur-mer,90,FR,1554340349,87,43.1,5.88,51.01,12.75
591,palabuhanratu,,,,,,,,
592,neuquen,92,AR,1554340361,29,-38.95,-68.06,78.62,26.87
593,soyo,76,AO,1554340361,91,-6.13,12.37,81.23,3.94
594,osmena,0,PH,1554340361,88,12.17,124.59,78.89,5.17
595,ilulissat,68,GL,1554335400,85,69.22,-51.1,17.6,14.99
596,sakakah,,,,,,,,
597,olinda,75,EC,1554340234,88,-2.03,-79.75,82,5.82
598,darnah,36,LY,1554340362,100,32.77,22.64,59.36,10.65
599,tchaourou,0,BJ,1554340362,53,8.89,2.6,83.84,8.08
600,xichang,92,CN,1554340362,98,27.88,102.25,44.96,2.04
601,chifeng,0,CN,1554340288,38,42.27,118.96,52.16,13.22
602,soligalich,0,RU,1554340362,62,59.08,42.29,15.89,2.93
603,senneterre,75,CA,1554336000,79,48.39,-77.24,24.8,14.99
604,onega,12,RU,1554340363,73,63.91,38.09,26.69,11.77
605,parkes,64,AU,1554339813,30,-33.14,148.18,82,3
606,axim,12,GH,1554340363,98,4.87,-2.24,83.39,11.77
607,andenes,,,,,,,,
608,north platte,1,US,1554340037,81,41.12,-100.77,48.99,13.87
609,ketchikan,1,US,1554335760,53,55.34,-131.65,51.8,19.46
610,koboldo,,,,,,,,
611,mykolayiv,12,UA,1554340364,93,46.97,32,35.42,5.61
612,voloshka,0,RU,1554340364,60,61.33,40.09,16.7,7.74
613,tena,24,EC,1554340364,96,-0.99,-77.82,62.42,2.37
614,kangavar,0,IR,1554336000,86,34.5,47.96,39.2,4.7
615,sehithwa,0,BW,1554340365,55,-20.47,22.7,67.73,5.73
616,sur,0,OM,1554340365,81,22.57,59.53,79.88,4.16
617,xuddur,0,SO,1554340365,63,4.12,43.89,74.66,10.98
618,tumannyy,,,,,,,,
619,el angel,40,EC,1554336000,82,0.62,-77.93,55.4,1.7
620,nalut,44,LY,1554340365,60,31.86,10.98,59.81,8.19
